file,duration_sec,num_pred_segments,der,miss,false_alarm,confusion
conv_0000.wav,24.28,7,0.0802,0.0084,0.0309,0.0408
conv_0001.wav,20.95,6,0.0221,0.0192,0.0028,0.0
conv_0002.wav,24.7,8,0.0905,0.01,0.0443,0.0362
conv_0003.wav,15.78,6,0.3695,0.0199,0.026,0.3236
conv_0004.wav,14.74,4,0.131,0.0039,0.0775,0.0496
conv_0005.wav,17.46,8,0.2736,0.0026,0.0403,0.2307
conv_0006.wav,22.03,8,0.1147,0.0054,0.0451,0.0642
conv_0007.wav,16.07,4,0.0601,0.0035,0.0352,0.0214
conv_0008.wav,16.98,9,0.3384,0.0436,0.0616,0.2332
conv_0009.wav,12.51,3,0.2908,0.0029,0.082,0.2059
conv_0010.wav,15.3,4,0.5475,0.0152,0.0494,0.4829
conv_0011.wav,28.27,7,0.0821,0.002,0.0533,0.0268
conv_0012.wav,19.42,7,0.3367,0.0042,0.0902,0.2423
conv_0013.wav,26.01,9,0.2786,0.0394,0.0225,0.2168
conv_0014.wav,17.96,5,0.0947,0.0208,0.0357,0.0383
conv_0015.wav,15.84,5,0.0301,0.0154,0.0044,0.0103
conv_0016.wav,21.79,8,0.0878,0.0397,0.0345,0.0136
conv_0017.wav,17.64,4,0.0104,0.0059,0.0046,0.0
conv_0018.wav,20.66,7,0.1401,0.0087,0.0892,0.0423
conv_0019.wav,17.69,7,0.1276,0.0457,0.0443,0.0375
conv_0020.wav,25.9,9,0.0999,0.0059,0.0348,0.0592
conv_0021.wav,25.07,7,0.0407,0.0132,0.0184,0.009
conv_0022.wav,18.76,7,0.0736,0.0163,0.0319,0.0254
conv_0023.wav,17.43,5,0.0903,0.0078,0.0451,0.0373
conv_0024.wav,19.47,6,0.059,0.0077,0.0177,0.0336
conv_0025.wav,19.8,6,0.1023,0.042,0.0473,0.013
conv_0026.wav,24.0,9,0.3071,0.0078,0.0186,0.2807
conv_0027.wav,13.08,5,0.1318,0.0127,0.0655,0.0536
conv_0028.wav,11.68,4,0.0268,0.0227,0.0041,0.0
conv_0029.wav,20.83,6,0.0466,0.0114,0.0187,0.0165
OVERALL (duration-weighted),582.1,190,0.1445,0.0154,0.0384,0.0907
