file,si_sdri_db
mixture_0000.wav,3.956475973129273
mixture_0001.wav,7.680763840675354
mixture_0002.wav,0.5868043601512909
mixture_0003.wav,5.8264158964157104
mixture_0004.wav,5.850177109241486
mixture_0005.wav,-1.3326897621154783
mixture_0006.wav,7.700877070426941
mixture_0007.wav,7.602160096168518
mixture_0008.wav,6.510890156030655
mixture_0009.wav,-0.6580226421356201
mixture_0010.wav,9.546221852302551
mixture_0011.wav,0.7996103167533875
mixture_0012.wav,7.320649206638336
mixture_0013.wav,7.246542453765869
mixture_0014.wav,6.151146534830332
mixture_0015.wav,5.635492324829102
mixture_0016.wav,0.4935865402221679
mixture_0017.wav,4.023382782936096
mixture_0018.wav,8.170653820037842
mixture_0019.wav,1.4605286121368408
mixture_0020.wav,5.788051128387451
mixture_0021.wav,2.403536379337311
mixture_0022.wav,5.87761914730072
mixture_0023.wav,-0.3764123804867267
mixture_0024.wav,4.527738213539124
mixture_0025.wav,8.52908369898796
mixture_0026.wav,-2.1488807275891304
mixture_0027.wav,3.756257563829422
mixture_0028.wav,6.952709555625916
mixture_0029.wav,0.0313282012939453
mixture_0030.wav,3.926176428794861
mixture_0031.wav,6.462303638458252
mixture_0032.wav,3.396516814827919
mixture_0033.wav,6.195437550544739
mixture_0034.wav,4.020707428455353
mixture_0035.wav,-1.40278959274292
mixture_0036.wav,1.1845254600048063
mixture_0037.wav,3.6675439178943634
mixture_0038.wav,9.78030562400818
mixture_0039.wav,3.5246825769427232
mixture_0040.wav,6.866783022880554
mixture_0041.wav,0.866534948348999
mixture_0042.wav,3.2605543732643127
mixture_0043.wav,-2.008006304502487
mixture_0044.wav,7.147442102432251
mixture_0045.wav,-0.5987262725830078
mixture_0046.wav,8.454954385757446
mixture_0047.wav,4.845113039016724
mixture_0048.wav,-1.1765101701021194
mixture_0049.wav,1.9115644693374636
mixture_0050.wav,6.969313144683838
mixture_0051.wav,6.646540522575378
mixture_0052.wav,1.1187432408332825
mixture_0053.wav,5.893886208534241
mixture_0054.wav,1.9419143795967104
mixture_0055.wav,6.075878858566284
mixture_0056.wav,6.103009104728699
mixture_0057.wav,-1.084027647972107
mixture_0058.wav,7.885120272636414
mixture_0059.wav,8.457478761672974
mixture_0060.wav,4.925997972488403
mixture_0061.wav,-0.2650472521781921
mixture_0062.wav,4.567493677139282
mixture_0063.wav,2.631257116794586
mixture_0064.wav,7.340182781219482
mixture_0065.wav,-1.7182633876800537
mixture_0066.wav,1.9320202767848969
mixture_0067.wav,0.4238835573196411
mixture_0068.wav,9.502424597740172
mixture_0069.wav,3.2994454577565198
mixture_0070.wav,3.5289841294288635
mixture_0071.wav,3.5729125142097478
mixture_0072.wav,3.11154043674469
mixture_0073.wav,6.732624113559723
mixture_0074.wav,6.178737968206406
mixture_0075.wav,4.8076653480529785
mixture_0076.wav,1.711621791124344
mixture_0077.wav,1.0853104293346405
mixture_0078.wav,3.995111510157585
mixture_0079.wav,3.0914660692214966
mixture_0080.wav,-0.4263160228729248
mixture_0081.wav,8.026582956314087
mixture_0082.wav,-2.605101704597473
mixture_0083.wav,9.191520929336548
mixture_0084.wav,4.24418318271637
mixture_0085.wav,5.684062957763672
mixture_0086.wav,6.357056736946106
mixture_0087.wav,-2.058354437351227
mixture_0088.wav,2.859200924634933
mixture_0089.wav,1.9494383186101916
mixture_0090.wav,0.1319930255413055
mixture_0091.wav,3.577873110771179
mixture_0092.wav,4.192604064941406
mixture_0093.wav,0.9121414422988892
mixture_0094.wav,-0.0143886412261053
mixture_0095.wav,3.644167125225067
mixture_0096.wav,1.5441527962684631
mixture_0097.wav,0.0389089584350585
mixture_0098.wav,4.258413076400757
mixture_0099.wav,0.0825304985046386
mixture_0100.wav,1.5710022449493408
mixture_0101.wav,-1.6240100264549255
mixture_0102.wav,8.124329328536987
mixture_0103.wav,4.797732546925545
mixture_0104.wav,1.383508384227753
mixture_0105.wav,-0.3000486493110657
mixture_0106.wav,5.608855962753296
mixture_0107.wav,7.142112016677856
mixture_0108.wav,2.7078787088394165
mixture_0109.wav,7.785466432571411
mixture_0110.wav,-0.6646761894226074
mixture_0111.wav,7.353318691253662
mixture_0112.wav,2.415617883205414
mixture_0113.wav,-0.6680536270141602
mixture_0114.wav,0.0023461580276489
mixture_0115.wav,6.3455095291137695
mixture_0116.wav,6.1918625831604
mixture_0117.wav,1.910968273878097
mixture_0118.wav,8.25666856765747
mixture_0119.wav,2.270655184984207
mixture_0120.wav,6.795188903808594
mixture_0121.wav,-0.5883452892303467
mixture_0122.wav,6.520762476604432
mixture_0123.wav,1.8026595711708069
mixture_0124.wav,4.6566557586193085
mixture_0125.wav,1.3441674709320068
mixture_0126.wav,6.60361647605896
mixture_0127.wav,7.54053807258606
mixture_0128.wav,5.81954425573349
mixture_0129.wav,6.782280564308167
mixture_0130.wav,0.6967700272798538
mixture_0131.wav,4.081722974777222
mixture_0132.wav,6.439028263092041
mixture_0133.wav,9.578691720962524
mixture_0134.wav,-1.878986358642578
mixture_0135.wav,9.072818666696548
mixture_0136.wav,5.233389377593994
mixture_0137.wav,-1.4641631841659546
mixture_0138.wav,2.043357014656067
mixture_0139.wav,1.3561304435133934
mixture_0140.wav,6.961912155151367
mixture_0141.wav,2.354093194007873
mixture_0142.wav,-0.2824362516403198
mixture_0143.wav,-0.6053066849708557
mixture_0144.wav,-0.987842943519354
mixture_0145.wav,-2.056711435317993
mixture_0146.wav,-1.6106519252061844
mixture_0147.wav,4.403502225875855
mixture_0148.wav,-0.3582123517990112
mixture_0149.wav,2.8341007828712463
mixture_0150.wav,2.483267590403557
mixture_0151.wav,10.076652646064758
mixture_0152.wav,7.513080358505249
mixture_0153.wav,5.5707122683525085
mixture_0154.wav,-0.9348763227462769
mixture_0155.wav,5.696608781814575
mixture_0156.wav,0.7027444243431091
mixture_0157.wav,4.35017466545105
mixture_0158.wav,-0.7752009630203247
mixture_0159.wav,4.4448787569999695
mixture_0160.wav,1.1461341381072998
mixture_0161.wav,9.300414443016052
mixture_0162.wav,-0.8271617889404297
mixture_0163.wav,1.270018994808197
mixture_0164.wav,-2.024791955947876
mixture_0165.wav,6.183915853500366
mixture_0166.wav,6.522438049316406
mixture_0167.wav,3.542682558298111
mixture_0168.wav,0.809715747833252
mixture_0169.wav,-0.9889179468154908
mixture_0170.wav,7.920135021209717
mixture_0171.wav,4.365801274776459
mixture_0172.wav,0.6261738538742065
mixture_0173.wav,0.3721868991851806
mixture_0174.wav,9.964561939239502
mixture_0175.wav,10.150992095470428
mixture_0176.wav,1.8487224578857424
mixture_0177.wav,7.245418801903725
mixture_0178.wav,2.521135807037353
mixture_0179.wav,8.18889120221138
mixture_0180.wav,0.963150441646576
mixture_0181.wav,2.9567437171936035
mixture_0182.wav,1.107559755444527
mixture_0183.wav,7.331503868103027
mixture_0184.wav,7.535092115402222
mixture_0185.wav,6.453312158584595
mixture_0186.wav,2.9116676449775696
mixture_0187.wav,9.562105178833008
mixture_0188.wav,6.573684334754944
mixture_0189.wav,8.060481786727905
mixture_0190.wav,0.8483470678329468
mixture_0191.wav,-0.4493156671524048
mixture_0192.wav,3.860859870910645
mixture_0193.wav,7.971157073974609
mixture_0194.wav,6.281987607479096
mixture_0195.wav,5.4409263134002686
mixture_0196.wav,0.1904941797256469
mixture_0197.wav,-1.7790685538202524
mixture_0198.wav,8.20389163121581
mixture_0199.wav,7.099015593528748
MEAN,3.721905648814572
MEDIAN,3.8085587173700333
