setting,source_speaker,target_speaker,genders,sim_converted_vs_target,sim_converted_vs_source,sim_source_vs_target,success
seen,8297,3536,M->F,0.7186,0.1830,0.0885,True
seen,2803,422,M->M,0.3738,0.4871,0.3103,False
seen,3853,3170,F->M,0.6150,0.2769,0.0354,True
seen,1993,2902,F->M,0.6249,0.0197,-0.0588,True
seen,8842,5338,F->F,0.6611,0.4322,0.3200,True
seen,1919,6319,F->F,0.7068,0.4072,0.1973,True
seen,5338,1919,F->F,0.6275,-0.0078,-0.1352,True
seen,5895,6241,F->M,0.3175,0.0355,0.0078,True
seen,3752,8297,M->M,0.7600,0.3264,0.2249,True
seen,7850,8842,F->F,0.6709,0.0802,0.2874,True
seen,6319,7976,F->M,0.4363,0.3890,0.4271,True
seen,6241,1272,M->M,0.7326,0.2742,0.2327,True
seen,251,6319,M->F,0.4879,0.1777,-0.0061,True
seen,8842,5536,F->M,0.7210,0.3369,0.0096,True
seen,7850,5338,F->F,0.6514,0.2968,0.2946,True
seen,3000,84,M->F,0.8037,-0.1845,-0.2092,True
seen,5338,2902,F->M,0.7155,-0.1685,0.0804,True
seen,7976,8842,M->F,0.5540,-0.0861,0.2589,True
seen,3752,174,M->M,0.7439,0.2121,0.2168,True
seen,5536,251,M->M,0.5637,0.1981,-0.1677,True
unseen,2078,1462,M->F,0.6115,0.2630,0.0938,True
unseen,5694,1988,M->F,0.4422,0.4044,0.1042,True
unseen,1462,1988,F->F,0.4551,0.4925,0.4191,False
unseen,2412,6345,F->F,0.4265,0.0595,0.3150,True
unseen,777,3081,M->F,0.0409,-0.1064,-0.3209,True
unseen,2428,1988,M->F,0.6285,0.5375,0.4764,True
unseen,777,2428,M->M,0.4368,0.1962,0.0140,True
unseen,2412,1988,F->F,0.3204,0.1920,0.3551,True
unseen,2078,2428,M->M,0.3395,-0.1121,0.2822,True
unseen,2078,2086,M->M,0.2126,-0.1271,-0.1263,True
unseen,6345,1988,F->F,0.3329,0.3726,0.1908,False
unseen,777,1988,M->F,0.2849,0.1934,0.0169,True
unseen,1988,1462,F->F,0.1928,0.1903,0.2463,True
unseen,1988,5694,F->M,0.5118,-0.0070,0.2366,True
unseen,6345,3081,F->F,0.0655,0.5752,0.0234,False
unseen,2086,1988,M->F,0.4673,-0.2252,0.1323,True
unseen,3081,2078,F->M,-0.1254,0.2926,0.1204,False
unseen,1462,1988,F->F,-0.0421,0.4392,0.1576,False
unseen,2428,5694,M->M,0.3695,0.5155,0.5009,False
unseen,1462,2078,F->M,0.0753,-0.1782,0.0177,True
